"vm.memory.util[vm.memory.util.1]","1651188544","18.620021325787185"
"vm.memory.util[vm.memory.util.1]","1651188604","18.625793094836894"
"vm.memory.util[vm.memory.util.1]","1651188664","18.62112331474556"
"vm.memory.util[vm.memory.util.1]","1651188724","18.62112331474556"
"vm.memory.util[vm.memory.util.1]","1651188784","18.62109503451136"
"vm.memory.util[vm.memory.util.1]","1651188844","18.621407302027894"
"vm.memory.util[vm.memory.util.1]","1651188904","18.628734653239384"
"vm.memory.util[vm.memory.util.1]","1651188964","18.621329698955922"
"vm.memory.util[vm.memory.util.1]","1651189024","18.621225745801297"
"vm.memory.util[vm.memory.util.1]","1651189084","18.620709440385593"
"vm.memory.util[vm.memory.util.1]","1651189144","18.620709440385593"
"vm.memory.util[vm.memory.util.1]","1651189204","18.62354036910033"
"vm.memory.util[vm.memory.util.1]","1651189264","18.621440034539575"
"vm.memory.util[vm.memory.util.1]","1651189324","18.620271414530485"
"vm.memory.util[vm.memory.util.1]","1651189384","18.62153284557784"
"vm.memory.util[vm.memory.util.1]","1651189444","18.621818536179873"
"vm.memory.util[vm.memory.util.1]","1651189504","18.621818536179873"
"vm.memory.util[vm.memory.util.1]","1651189564","18.621698457946145"
"vm.memory.util[vm.memory.util.1]","1651189624","18.621516934802386"
"vm.memory.util[vm.memory.util.1]","1651189684","18.620820352282124"
"vm.memory.util[vm.memory.util.1]","1651189744","18.620951778722226"
"vm.memory.util[vm.memory.util.1]","1651189804","18.62116722280592"
"vm.memory.util[vm.memory.util.1]","1651189864","18.62059874067224"
"vm.memory.util[vm.memory.util.1]","1651189924","18.62059874067224"
"vm.memory.util[vm.memory.util.1]","1651189984","18.62118197784429"
"vm.memory.util[vm.memory.util.1]","1651190044","18.6219768459931"
"vm.memory.util[vm.memory.util.1]","1651190104","18.6219768459931"
"vm.memory.util[vm.memory.util.1]","1651190164","18.622810989373757"
"vm.memory.util[vm.memory.util.1]","1651190224","18.620954289218787"
"vm.memory.util[vm.memory.util.1]","1651190284","18.62174940044221"
"vm.memory.util[vm.memory.util.1]","1651190344","18.62129549587018"
"vm.memory.util[vm.memory.util.1]","1651190404","18.622286477954198"
"vm.memory.util[vm.memory.util.1]","1651190464","18.62032697990855"
"vm.memory.util[vm.memory.util.1]","1651190524","18.62032697990855"
"vm.memory.util[vm.memory.util.1]","1651190584","18.6213988958201"
"vm.memory.util[vm.memory.util.1]","1651190644","18.62604884001927"
"vm.memory.util[vm.memory.util.1]","1651190704","18.620364495123855"
"vm.memory.util[vm.memory.util.1]","1651190764","18.620143888721973"
"vm.memory.util[vm.memory.util.1]","1651190824","18.620626493860666"
"vm.memory.util[vm.memory.util.1]","1651190884","18.6211053963115"
"vm.memory.util[vm.memory.util.1]","1651190944","18.620073006092777"
"vm.memory.util[vm.memory.util.1]","1651191004","18.620226775659336"
"vm.memory.util[vm.memory.util.1]","1651191064","18.620226775659336"
"vm.memory.util[vm.memory.util.1]","1651191124","18.62168104588408"
"vm.memory.util[vm.memory.util.1]","1651191184","18.621342282211888"
"vm.memory.util[vm.memory.util.1]","1651191244","18.62119210306022"
"vm.memory.util[vm.memory.util.1]","1651191304","18.62042400762696"
"vm.memory.util[vm.memory.util.1]","1651191364","18.62008703447622"
"vm.memory.util[vm.memory.util.1]","1651191424","18.62008703447622"
"vm.memory.util[vm.memory.util.1]","1651191484","18.62217130318216"
"vm.memory.util[vm.memory.util.1]","1651191544","18.62217130318216"
"vm.memory.util[vm.memory.util.1]","1651191604","18.62220720690207"
"vm.memory.util[vm.memory.util.1]","1651191664","18.62351596334864"
"vm.memory.util[vm.memory.util.1]","1651191724","18.62034325563299"
"vm.memory.util[vm.memory.util.1]","1651191784","18.62034325563299"
"vm.memory.util[vm.memory.util.1]","1651191844","18.6229194397994"
"vm.memory.util[vm.memory.util.1]","1651191904","18.626245171670277"
"vm.memory.util[vm.memory.util.1]","1651191964","18.626245171670277"
"vm.memory.util[vm.memory.util.1]","1651192024","18.621933056101852"
"vm.memory.util[vm.memory.util.1]","1651192084","18.621117382208816"
"vm.memory.util[vm.memory.util.1]","1651192144","18.621117382208816"
"vm.memory.util[vm.memory.util.1]","1651192204","18.622030240299043"
"vm.memory.util[vm.memory.util.1]","1651192264","18.62083506308034"
"vm.memory.util[vm.memory.util.1]","1651192324","18.62083506308034"
"vm.memory.util[vm.memory.util.1]","1651192384","18.620767602340386"
"vm.memory.util[vm.memory.util.1]","1651192444","18.62441954827338"
"vm.memory.util[vm.memory.util.1]","1651192504","18.62889134087767"
"vm.memory.util[vm.memory.util.1]","1651192564","18.621493663571854"
"vm.memory.util[vm.memory.util.1]","1651192624","18.62116768530229"
"vm.memory.util[vm.memory.util.1]","1651192684","18.621678342190677"
"vm.memory.util[vm.memory.util.1]","1651192744","18.621076797956317"
"vm.memory.util[vm.memory.util.1]","1651192804","18.621081646858407"
"vm.memory.util[vm.memory.util.1]","1651192864","18.621948251535066"
"vm.memory.util[vm.memory.util.1]","1651192924","18.620933989605604"
"vm.memory.util[vm.memory.util.1]","1651192984","18.622339462891095"
"vm.memory.util[vm.memory.util.1]","1651193044","18.621542942027403"
"vm.memory.util[vm.memory.util.1]","1651193104","18.62058379199101"
"vm.memory.util[vm.memory.util.1]","1651193164","18.620272107815786"
"vm.memory.util[vm.memory.util.1]","1651193224","18.62136428070661"
"vm.memory.util[vm.memory.util.1]","1651193284","18.62182669251581"
"vm.memory.util[vm.memory.util.1]","1651193344","18.621847496852695"
"vm.memory.util[vm.memory.util.1]","1651193404","18.62259329153272"
"vm.memory.util[vm.memory.util.1]","1651193464","18.62045525225365"
"vm.memory.util[vm.memory.util.1]","1651193524","18.622739715169388"
"vm.memory.util[vm.memory.util.1]","1651193584","18.622739715169388"
"vm.memory.util[vm.memory.util.1]","1651193644","18.62209791999485"
"vm.memory.util[vm.memory.util.1]","1651193704","18.621550002710922"
"vm.memory.util[vm.memory.util.1]","1651193764","18.621550002710922"
"vm.memory.util[vm.memory.util.1]","1651193824","18.62118707956412"
"vm.memory.util[vm.memory.util.1]","1651193884","18.621380975526787"
"vm.memory.util[vm.memory.util.1]","1651193944","18.621321750969962"
"vm.memory.util[vm.memory.util.1]","1651194004","18.62125301712155"
"vm.memory.util[vm.memory.util.1]","1651194064","18.621384821299188"
"vm.memory.util[vm.memory.util.1]","1651194124","18.62051214831773"
"vm.memory.util[vm.memory.util.1]","1651194184","18.620663640034316"
"vm.memory.util[vm.memory.util.1]","1651194244","18.620663640034316"
"vm.memory.util[vm.memory.util.1]","1651194304","18.620965194456833"
"vm.memory.util[vm.memory.util.1]","1651194364","18.62044630985001"
"vm.memory.util[vm.memory.util.1]","1651194424","18.622443706604976"
"vm.memory.util[vm.memory.util.1]","1651194484","18.622443706604976"
"vm.memory.util[vm.memory.util.1]","1651194544","18.623098409078487"
"vm.memory.util[vm.memory.util.1]","1651194604","18.622301037052306"
"vm.memory.util[vm.memory.util.1]","1651194664","18.62141503098018"
"vm.memory.util[vm.memory.util.1]","1651194724","18.62163287276389"
"vm.memory.util[vm.memory.util.1]","1651194784","18.62163287276389"
"vm.memory.util[vm.memory.util.1]","1651194844","18.62345184755152"
"vm.memory.util[vm.memory.util.1]","1651194904","18.621147732565287"
"vm.memory.util[vm.memory.util.1]","1651194964","18.621098407177435"
"vm.memory.util[vm.memory.util.1]","1651195024","18.62260569408813"
"vm.memory.util[vm.memory.util.1]","1651195084","18.62085859322337"
"vm.memory.util[vm.memory.util.1]","1651195144","18.62085859322337"
"vm.memory.util[vm.memory.util.1]","1651195204","18.620475826048892"
"vm.memory.util[vm.memory.util.1]","1651195264","18.620475826048892"
"vm.memory.util[vm.memory.util.1]","1651195324","18.62194665091615"
"vm.memory.util[vm.memory.util.1]","1651195384","18.621302459000237"
"vm.memory.util[vm.memory.util.1]","1651195444","18.6219146863949"
"vm.memory.util[vm.memory.util.1]","1651195504","18.621400133407846"
"vm.memory.util[vm.memory.util.1]","1651195564","18.621591831341494"
"vm.memory.util[vm.memory.util.1]","1651195624","18.62212004610776"
"vm.memory.util[vm.memory.util.1]","1651195684","18.62026007738731"
"vm.memory.util[vm.memory.util.11]","1651188545","0.08593414319753134"
"vm.memory.util[vm.memory.util.11]","1651188605","0.08593414319753134"
"vm.memory.util[vm.memory.util.11]","1651188665","0.08593414319753134"
"vm.memory.util[vm.memory.util.11]","1651188725","0.08593414319753134"
"vm.memory.util[vm.memory.util.11]","1651188785","0.08593414319753134"
"vm.memory.util[vm.memory.util.11]","1651188845","0.08593414319753134"
"vm.memory.util[vm.memory.util.11]","1651188905","0.08593414319753134"
"vm.memory.util[vm.memory.util.11]","1651188965","0.08593414319753134"
"vm.memory.util[vm.memory.util.11]","1651189025","0.08593414319753134"
"vm.memory.util[vm.memory.util.11]","1651189085","0.08593414319753134"
"vm.memory.util[vm.memory.util.11]","1651189145","0.08593414319753134"
"vm.memory.util[vm.memory.util.11]","1651189205","0.08593414319753134"
"vm.memory.util[vm.memory.util.11]","1651189265","0.08593414319753134"
"vm.memory.util[vm.memory.util.11]","1651189325","0.08593414319753134"
"vm.memory.util[vm.memory.util.11]","1651189385","0.08593414319753134"
"vm.memory.util[vm.memory.util.11]","1651189445","0.08593414319753134"
"vm.memory.util[vm.memory.util.11]","1651189505","0.08593414319753134"
"vm.memory.util[vm.memory.util.11]","1651189565","0.08593414319753134"
"vm.memory.util[vm.memory.util.11]","1651189625","0.08593414319753134"
"vm.memory.util[vm.memory.util.11]","1651189685","0.08593414319753134"
"vm.memory.util[vm.memory.util.11]","1651189745","0.08593414319753134"
"vm.memory.util[vm.memory.util.11]","1651189805","0.08593414319753134"
"vm.memory.util[vm.memory.util.11]","1651189865","0.08593414319753134"
"vm.memory.util[vm.memory.util.11]","1651189925","0.08593414319753134"
"vm.memory.util[vm.memory.util.11]","1651189985","0.08593414319753134"
"vm.memory.util[vm.memory.util.11]","1651190045","0.08593414319753134"
"vm.memory.util[vm.memory.util.11]","1651190105","0.08593414319753134"
"vm.memory.util[vm.memory.util.11]","1651190165","0.08593414319753134"
"vm.memory.util[vm.memory.util.11]","1651190225","0.08593414319753134"
"vm.memory.util[vm.memory.util.11]","1651190285","0.08593414319753134"
"vm.memory.util[vm.memory.util.11]","1651190345","0.08593414319753134"
"vm.memory.util[vm.memory.util.11]","1651190405","0.08593414319753134"
"vm.memory.util[vm.memory.util.11]","1651190465","0.08593414319753134"
"vm.memory.util[vm.memory.util.11]","1651190525","0.08593414319753134"
"vm.memory.util[vm.memory.util.11]","1651190585","0.08593414319753134"
"vm.memory.util[vm.memory.util.11]","1651190645","0.08593414319753134"
"vm.memory.util[vm.memory.util.11]","1651190705","0.08593414319753134"
"vm.memory.util[vm.memory.util.11]","1651190765","0.08593414319753134"
"vm.memory.util[vm.memory.util.11]","1651190825","0.08593414319753134"
"vm.memory.util[vm.memory.util.11]","1651190885","0.08593414319753134"
"vm.memory.util[vm.memory.util.11]","1651190945","0.08593414319753134"
"vm.memory.util[vm.memory.util.11]","1651191005","0.08593414319753134"
"vm.memory.util[vm.memory.util.11]","1651191065","0.08593414319753134"
"vm.memory.util[vm.memory.util.11]","1651191125","0.08593414319753134"
"vm.memory.util[vm.memory.util.11]","1651191185","0.08593414319753134"
"vm.memory.util[vm.memory.util.11]","1651191245","0.08593414319753134"
"vm.memory.util[vm.memory.util.11]","1651191305","0.08593414319753134"
"vm.memory.util[vm.memory.util.11]","1651191365","0.08593414319753134"
"vm.memory.util[vm.memory.util.11]","1651191425","0.08593414319753134"
"vm.memory.util[vm.memory.util.11]","1651191485","0.08593414319753134"
"vm.memory.util[vm.memory.util.11]","1651191545","0.08593414319753134"
"vm.memory.util[vm.memory.util.11]","1651191605","0.08593414319753134"
"vm.memory.util[vm.memory.util.11]","1651191665","0.08593414319753134"
"vm.memory.util[vm.memory.util.11]","1651191725","0.08593414319753134"
"vm.memory.util[vm.memory.util.11]","1651191785","0.08593414319753134"
"vm.memory.util[vm.memory.util.11]","1651191845","0.08593414319753134"
"vm.memory.util[vm.memory.util.11]","1651191905","0.08593414319753134"
"vm.memory.util[vm.memory.util.11]","1651191965","0.08593414319753134"
"vm.memory.util[vm.memory.util.11]","1651192025","0.08593414319753134"
"vm.memory.util[vm.memory.util.11]","1651192085","0.08593414319753134"
"vm.memory.util[vm.memory.util.11]","1651192145","0.08593414319753134"
"vm.memory.util[vm.memory.util.11]","1651192205","0.08593414319753134"
"vm.memory.util[vm.memory.util.11]","1651192265","0.08593414319753134"
"vm.memory.util[vm.memory.util.11]","1651192325","0.08593414319753134"
"vm.memory.util[vm.memory.util.11]","1651192385","0.08593414319753134"
"vm.memory.util[vm.memory.util.11]","1651192445","0.08593414319753134"
"vm.memory.util[vm.memory.util.11]","1651192505","0.08593414319753134"
"vm.memory.util[vm.memory.util.11]","1651192565","0.08593414319753134"
"vm.memory.util[vm.memory.util.11]","1651192625","0.08593414319753134"
"vm.memory.util[vm.memory.util.11]","1651192685","0.08593414319753134"
"vm.memory.util[vm.memory.util.11]","1651192745","0.08593414319753134"
"vm.memory.util[vm.memory.util.11]","1651192805","0.08593414319753134"
"vm.memory.util[vm.memory.util.11]","1651192865","0.08593414319753134"
"vm.memory.util[vm.memory.util.11]","1651192925","0.08593414319753134"
"vm.memory.util[vm.memory.util.11]","1651192985","0.08593414319753134"
"vm.memory.util[vm.memory.util.11]","1651193045","0.08593414319753134"
"vm.memory.util[vm.memory.util.11]","1651193105","0.08593414319753134"
"vm.memory.util[vm.memory.util.11]","1651193165","0.08593414319753134"
"vm.memory.util[vm.memory.util.11]","1651193225","0.08593414319753134"
"vm.memory.util[vm.memory.util.11]","1651193285","0.08593414319753134"
"vm.memory.util[vm.memory.util.11]","1651193345","0.08593414319753134"
"vm.memory.util[vm.memory.util.11]","1651193405","0.08593414319753134"
"vm.memory.util[vm.memory.util.11]","1651193465","0.08593414319753134"
"vm.memory.util[vm.memory.util.11]","1651193525","0.08593414319753134"
"vm.memory.util[vm.memory.util.11]","1651193585","0.08593414319753134"
"vm.memory.util[vm.memory.util.11]","1651193645","0.08593414319753134"
"vm.memory.util[vm.memory.util.11]","1651193705","0.08593414319753134"
"vm.memory.util[vm.memory.util.11]","1651193765","0.08593414319753134"
"vm.memory.util[vm.memory.util.11]","1651193825","0.08593414319753134"
"vm.memory.util[vm.memory.util.11]","1651193885","0.08593414319753134"
"vm.memory.util[vm.memory.util.11]","1651193945","0.08593414319753134"
"vm.memory.util[vm.memory.util.11]","1651194005","0.08593414319753134"
"vm.memory.util[vm.memory.util.11]","1651194065","0.08593414319753134"
"vm.memory.util[vm.memory.util.11]","1651194125","0.08593414319753134"
"vm.memory.util[vm.memory.util.11]","1651194185","0.08593414319753134"
"vm.memory.util[vm.memory.util.11]","1651194245","0.08593414319753134"
"vm.memory.util[vm.memory.util.11]","1651194305","0.08593414319753134"
"vm.memory.util[vm.memory.util.11]","1651194365","0.08593414319753134"
"vm.memory.util[vm.memory.util.11]","1651194425","0.08593414319753134"
"vm.memory.util[vm.memory.util.11]","1651194485","0.08593414319753134"
"vm.memory.util[vm.memory.util.11]","1651194545","0.08593414319753134"
"vm.memory.util[vm.memory.util.11]","1651194605","0.08593414319753134"
"vm.memory.util[vm.memory.util.11]","1651194665","0.08593414319753134"
"vm.memory.util[vm.memory.util.11]","1651194725","0.08593414319753134"
"vm.memory.util[vm.memory.util.11]","1651194785","0.08593414319753134"
"vm.memory.util[vm.memory.util.11]","1651194845","0.08593414319753134"
"vm.memory.util[vm.memory.util.11]","1651194905","0.08593414319753134"
"vm.memory.util[vm.memory.util.11]","1651194965","0.08593414319753134"
"vm.memory.util[vm.memory.util.11]","1651195025","0.08593414319753134"
"vm.memory.util[vm.memory.util.11]","1651195085","0.08593414319753134"
"vm.memory.util[vm.memory.util.11]","1651195145","0.08593414319753134"
"vm.memory.util[vm.memory.util.11]","1651195205","0.08593414319753134"
"vm.memory.util[vm.memory.util.11]","1651195265","0.08593414319753134"
"vm.memory.util[vm.memory.util.11]","1651195325","0.08593414319753134"
"vm.memory.util[vm.memory.util.11]","1651195385","0.08593414319753134"
"vm.memory.util[vm.memory.util.11]","1651195445","0.08593414319753134"
"vm.memory.util[vm.memory.util.11]","1651195505","0.08593414319753134"
"vm.memory.util[vm.memory.util.11]","1651195565","0.08593414319753134"
"vm.memory.util[vm.memory.util.11]","1651195625","0.08593414319753134"
"vm.memory.util[vm.memory.util.11]","1651195685","0.08593414319753134"
"system.cpu.util[cpmCPUTotal1minRev.19]","1651188531","5"
"system.cpu.util[cpmCPUTotal1minRev.19]","1651188591","5"
"system.cpu.util[cpmCPUTotal1minRev.19]","1651188651","5"
"system.cpu.util[cpmCPUTotal1minRev.19]","1651188724","5"
"system.cpu.util[cpmCPUTotal1minRev.19]","1651188771","5"
"system.cpu.util[cpmCPUTotal1minRev.19]","1651188831","5"
"system.cpu.util[cpmCPUTotal1minRev.19]","1651188891","5"
"system.cpu.util[cpmCPUTotal1minRev.19]","1651188951","4"
"system.cpu.util[cpmCPUTotal1minRev.19]","1651189011","5"
"system.cpu.util[cpmCPUTotal1minRev.19]","1651189071","5"
"system.cpu.util[cpmCPUTotal1minRev.19]","1651189160","5"
"system.cpu.util[cpmCPUTotal1minRev.19]","1651189191","5"
"system.cpu.util[cpmCPUTotal1minRev.19]","1651189251","5"
"system.cpu.util[cpmCPUTotal1minRev.19]","1651189311","5"
"system.cpu.util[cpmCPUTotal1minRev.19]","1651189371","5"
"system.cpu.util[cpmCPUTotal1minRev.19]","1651189431","5"
"system.cpu.util[cpmCPUTotal1minRev.19]","1651189504","5"
"system.cpu.util[cpmCPUTotal1minRev.19]","1651189551","5"
"system.cpu.util[cpmCPUTotal1minRev.19]","1651189620","5"
"system.cpu.util[cpmCPUTotal1minRev.19]","1651189683","4"
"system.cpu.util[cpmCPUTotal1minRev.19]","1651189731","4"
"system.cpu.util[cpmCPUTotal1minRev.19]","1651189791","5"
"system.cpu.util[cpmCPUTotal1minRev.19]","1651189851","5"
"system.cpu.util[cpmCPUTotal1minRev.19]","1651189924","5"
"system.cpu.util[cpmCPUTotal1minRev.19]","1651189971","5"
"system.cpu.util[cpmCPUTotal1minRev.19]","1651190031","5"
"system.cpu.util[cpmCPUTotal1minRev.19]","1651190103","5"
"system.cpu.util[cpmCPUTotal1minRev.19]","1651190151","5"
"system.cpu.util[cpmCPUTotal1minRev.19]","1651190211","5"
"system.cpu.util[cpmCPUTotal1minRev.19]","1651190271","5"
"system.cpu.util[cpmCPUTotal1minRev.19]","1651190331","5"
"system.cpu.util[cpmCPUTotal1minRev.19]","1651190391","5"
"system.cpu.util[cpmCPUTotal1minRev.19]","1651190451","5"
"system.cpu.util[cpmCPUTotal1minRev.19]","1651190524","5"
"system.cpu.util[cpmCPUTotal1minRev.19]","1651190571","5"
"system.cpu.util[cpmCPUTotal1minRev.19]","1651190631","5"
"system.cpu.util[cpmCPUTotal1minRev.19]","1651190691","5"
"system.cpu.util[cpmCPUTotal1minRev.19]","1651190751","5"
"system.cpu.util[cpmCPUTotal1minRev.19]","1651190811","4"
"system.cpu.util[cpmCPUTotal1minRev.19]","1651190871","5"
"system.cpu.util[cpmCPUTotal1minRev.19]","1651190931","5"
"system.cpu.util[cpmCPUTotal1minRev.19]","1651190991","5"
"system.cpu.util[cpmCPUTotal1minRev.19]","1651191063","5"
"system.cpu.util[cpmCPUTotal1minRev.19]","1651191111","4"
"system.cpu.util[cpmCPUTotal1minRev.19]","1651191171","4"
"system.cpu.util[cpmCPUTotal1minRev.19]","1651191231","5"
"system.cpu.util[cpmCPUTotal1minRev.19]","1651191291","5"
"system.cpu.util[cpmCPUTotal1minRev.19]","1651191351","5"
"system.cpu.util[cpmCPUTotal1minRev.19]","1651191424","5"
"system.cpu.util[cpmCPUTotal1minRev.19]","1651191471","4"
"system.cpu.util[cpmCPUTotal1minRev.19]","1651191544","5"
"system.cpu.util[cpmCPUTotal1minRev.19]","1651191591","5"
"system.cpu.util[cpmCPUTotal1minRev.19]","1651191651","5"
"system.cpu.util[cpmCPUTotal1minRev.19]","1651191711","4"
"system.cpu.util[cpmCPUTotal1minRev.19]","1651191784","5"
"system.cpu.util[cpmCPUTotal1minRev.19]","1651191831","5"
"system.cpu.util[cpmCPUTotal1minRev.19]","1651191891","5"
"system.cpu.util[cpmCPUTotal1minRev.19]","1651191964","4"
"system.cpu.util[cpmCPUTotal1minRev.19]","1651192011","5"
"system.cpu.util[cpmCPUTotal1minRev.19]","1651192071","4"
"system.cpu.util[cpmCPUTotal1minRev.19]","1651192160","5"
"system.cpu.util[cpmCPUTotal1minRev.19]","1651192191","5"
"system.cpu.util[cpmCPUTotal1minRev.19]","1651192251","5"
"system.cpu.util[cpmCPUTotal1minRev.19]","1651192324","5"
"system.cpu.util[cpmCPUTotal1minRev.19]","1651192371","4"
"system.cpu.util[cpmCPUTotal1minRev.19]","1651192431","5"
"system.cpu.util[cpmCPUTotal1minRev.19]","1651192491","5"
"system.cpu.util[cpmCPUTotal1minRev.19]","1651192551","5"
"system.cpu.util[cpmCPUTotal1minRev.19]","1651192611","5"
"system.cpu.util[cpmCPUTotal1minRev.19]","1651192671","5"
"system.cpu.util[cpmCPUTotal1minRev.19]","1651192731","5"
"system.cpu.util[cpmCPUTotal1minRev.19]","1651192791","5"
"system.cpu.util[cpmCPUTotal1minRev.19]","1651192863","5"
"system.cpu.util[cpmCPUTotal1minRev.19]","1651192911","5"
"system.cpu.util[cpmCPUTotal1minRev.19]","1651192971","4"
"system.cpu.util[cpmCPUTotal1minRev.19]","1651193031","4"
"system.cpu.util[cpmCPUTotal1minRev.19]","1651193091","5"
"system.cpu.util[cpmCPUTotal1minRev.19]","1651193151","5"
"system.cpu.util[cpmCPUTotal1minRev.19]","1651193211","4"
"system.cpu.util[cpmCPUTotal1minRev.19]","1651193271","4"
"system.cpu.util[cpmCPUTotal1minRev.19]","1651193331","4"
"system.cpu.util[cpmCPUTotal1minRev.19]","1651193391","5"
"system.cpu.util[cpmCPUTotal1minRev.19]","1651193451","5"
"system.cpu.util[cpmCPUTotal1minRev.19]","1651193511","4"
"system.cpu.util[cpmCPUTotal1minRev.19]","1651193584","5"
"system.cpu.util[cpmCPUTotal1minRev.19]","1651193631","4"
"system.cpu.util[cpmCPUTotal1minRev.19]","1651193691","5"
"system.cpu.util[cpmCPUTotal1minRev.19]","1651193764","4"
"system.cpu.util[cpmCPUTotal1minRev.19]","1651193811","4"
"system.cpu.util[cpmCPUTotal1minRev.19]","1651193871","5"
"system.cpu.util[cpmCPUTotal1minRev.19]","1651193931","5"
"system.cpu.util[cpmCPUTotal1minRev.19]","1651193991","5"
"system.cpu.util[cpmCPUTotal1minRev.19]","1651194051","5"
"system.cpu.util[cpmCPUTotal1minRev.19]","1651194111","4"
"system.cpu.util[cpmCPUTotal1minRev.19]","1651194171","4"
"system.cpu.util[cpmCPUTotal1minRev.19]","1651194243","5"
"system.cpu.util[cpmCPUTotal1minRev.19]","1651194291","5"
"system.cpu.util[cpmCPUTotal1minRev.19]","1651194351","5"
"system.cpu.util[cpmCPUTotal1minRev.19]","1651194411","4"
"system.cpu.util[cpmCPUTotal1minRev.19]","1651194484","4"
"system.cpu.util[cpmCPUTotal1minRev.19]","1651194531","4"
"system.cpu.util[cpmCPUTotal1minRev.19]","1651194591","5"
"system.cpu.util[cpmCPUTotal1minRev.19]","1651194651","5"
"system.cpu.util[cpmCPUTotal1minRev.19]","1651194711","5"
"system.cpu.util[cpmCPUTotal1minRev.19]","1651194784","4"
"system.cpu.util[cpmCPUTotal1minRev.19]","1651194831","5"
"system.cpu.util[cpmCPUTotal1minRev.19]","1651194891","5"
"system.cpu.util[cpmCPUTotal1minRev.19]","1651194951","5"
"system.cpu.util[cpmCPUTotal1minRev.19]","1651195011","5"
"system.cpu.util[cpmCPUTotal1minRev.19]","1651195071","4"
"system.cpu.util[cpmCPUTotal1minRev.19]","1651195145","5"
"system.cpu.util[cpmCPUTotal1minRev.19]","1651195191","5"
"system.cpu.util[cpmCPUTotal1minRev.19]","1651195276","4"
"system.cpu.util[cpmCPUTotal1minRev.19]","1651195311","5"
"system.cpu.util[cpmCPUTotal1minRev.19]","1651195371","4"
"system.cpu.util[cpmCPUTotal1minRev.19]","1651195431","4"
"system.cpu.util[cpmCPUTotal1minRev.19]","1651195491","5"
"system.cpu.util[cpmCPUTotal1minRev.19]","1651195551","5"
"system.cpu.util[cpmCPUTotal1minRev.19]","1651195611","5"
"system.cpu.util[cpmCPUTotal1minRev.19]","1651195671","5"
"system.cpu.util[cpmCPUTotal5minRev.19]","1651188531","5"
"system.cpu.util[cpmCPUTotal5minRev.19]","1651188591","5"
"system.cpu.util[cpmCPUTotal5minRev.19]","1651188651","5"
"system.cpu.util[cpmCPUTotal5minRev.19]","1651188725","5"
"system.cpu.util[cpmCPUTotal5minRev.19]","1651188771","5"
"system.cpu.util[cpmCPUTotal5minRev.19]","1651188831","5"
"system.cpu.util[cpmCPUTotal5minRev.19]","1651188891","5"
"system.cpu.util[cpmCPUTotal5minRev.19]","1651188951","5"
"system.cpu.util[cpmCPUTotal5minRev.19]","1651189011","5"
"system.cpu.util[cpmCPUTotal5minRev.19]","1651189071","5"
"system.cpu.util[cpmCPUTotal5minRev.19]","1651189160","5"
"system.cpu.util[cpmCPUTotal5minRev.19]","1651189191","5"
"system.cpu.util[cpmCPUTotal5minRev.19]","1651189251","5"
"system.cpu.util[cpmCPUTotal5minRev.19]","1651189311","5"
"system.cpu.util[cpmCPUTotal5minRev.19]","1651189371","5"
"system.cpu.util[cpmCPUTotal5minRev.19]","1651189431","5"
"system.cpu.util[cpmCPUTotal5minRev.19]","1651189504","5"
"system.cpu.util[cpmCPUTotal5minRev.19]","1651189551","5"
"system.cpu.util[cpmCPUTotal5minRev.19]","1651189620","5"
"system.cpu.util[cpmCPUTotal5minRev.19]","1651189683","5"
"system.cpu.util[cpmCPUTotal5minRev.19]","1651189731","5"
"system.cpu.util[cpmCPUTotal5minRev.19]","1651189791","5"
"system.cpu.util[cpmCPUTotal5minRev.19]","1651189851","5"
"system.cpu.util[cpmCPUTotal5minRev.19]","1651189924","5"
"system.cpu.util[cpmCPUTotal5minRev.19]","1651189971","5"
"system.cpu.util[cpmCPUTotal5minRev.19]","1651190031","5"
"system.cpu.util[cpmCPUTotal5minRev.19]","1651190103","5"
"system.cpu.util[cpmCPUTotal5minRev.19]","1651190151","5"
"system.cpu.util[cpmCPUTotal5minRev.19]","1651190211","5"
"system.cpu.util[cpmCPUTotal5minRev.19]","1651190271","5"
"system.cpu.util[cpmCPUTotal5minRev.19]","1651190331","5"
"system.cpu.util[cpmCPUTotal5minRev.19]","1651190391","5"
"system.cpu.util[cpmCPUTotal5minRev.19]","1651190451","5"
"system.cpu.util[cpmCPUTotal5minRev.19]","1651190524","5"
"system.cpu.util[cpmCPUTotal5minRev.19]","1651190571","5"
"system.cpu.util[cpmCPUTotal5minRev.19]","1651190631","5"
"system.cpu.util[cpmCPUTotal5minRev.19]","1651190691","5"
"system.cpu.util[cpmCPUTotal5minRev.19]","1651190751","5"
"system.cpu.util[cpmCPUTotal5minRev.19]","1651190811","5"
"system.cpu.util[cpmCPUTotal5minRev.19]","1651190871","5"
"system.cpu.util[cpmCPUTotal5minRev.19]","1651190931","5"
"system.cpu.util[cpmCPUTotal5minRev.19]","1651190991","5"
"system.cpu.util[cpmCPUTotal5minRev.19]","1651191063","5"
"system.cpu.util[cpmCPUTotal5minRev.19]","1651191111","5"
"system.cpu.util[cpmCPUTotal5minRev.19]","1651191171","5"
"system.cpu.util[cpmCPUTotal5minRev.19]","1651191231","5"
"system.cpu.util[cpmCPUTotal5minRev.19]","1651191291","5"
"system.cpu.util[cpmCPUTotal5minRev.19]","1651191351","5"
"system.cpu.util[cpmCPUTotal5minRev.19]","1651191424","5"
"system.cpu.util[cpmCPUTotal5minRev.19]","1651191471","5"
"system.cpu.util[cpmCPUTotal5minRev.19]","1651191544","5"
"system.cpu.util[cpmCPUTotal5minRev.19]","1651191591","5"
"system.cpu.util[cpmCPUTotal5minRev.19]","1651191651","5"
"system.cpu.util[cpmCPUTotal5minRev.19]","1651191711","5"
"system.cpu.util[cpmCPUTotal5minRev.19]","1651191784","5"
"system.cpu.util[cpmCPUTotal5minRev.19]","1651191831","5"
"system.cpu.util[cpmCPUTotal5minRev.19]","1651191891","5"
"system.cpu.util[cpmCPUTotal5minRev.19]","1651191964","5"
"system.cpu.util[cpmCPUTotal5minRev.19]","1651192011","5"
"system.cpu.util[cpmCPUTotal5minRev.19]","1651192071","5"
"system.cpu.util[cpmCPUTotal5minRev.19]","1651192160","5"
"system.cpu.util[cpmCPUTotal5minRev.19]","1651192191","5"
"system.cpu.util[cpmCPUTotal5minRev.19]","1651192251","5"
"system.cpu.util[cpmCPUTotal5minRev.19]","1651192324","5"
"system.cpu.util[cpmCPUTotal5minRev.19]","1651192371","5"
"system.cpu.util[cpmCPUTotal5minRev.19]","1651192431","5"
"system.cpu.util[cpmCPUTotal5minRev.19]","1651192491","5"
"system.cpu.util[cpmCPUTotal5minRev.19]","1651192551","5"
"system.cpu.util[cpmCPUTotal5minRev.19]","1651192611","5"
"system.cpu.util[cpmCPUTotal5minRev.19]","1651192671","5"
"system.cpu.util[cpmCPUTotal5minRev.19]","1651192731","5"
"system.cpu.util[cpmCPUTotal5minRev.19]","1651192791","5"
"system.cpu.util[cpmCPUTotal5minRev.19]","1651192863","5"
"system.cpu.util[cpmCPUTotal5minRev.19]","1651192911","5"
"system.cpu.util[cpmCPUTotal5minRev.19]","1651192971","5"
"system.cpu.util[cpmCPUTotal5minRev.19]","1651193031","5"
"system.cpu.util[cpmCPUTotal5minRev.19]","1651193091","5"
"system.cpu.util[cpmCPUTotal5minRev.19]","1651193151","5"
"system.cpu.util[cpmCPUTotal5minRev.19]","1651193211","5"
"system.cpu.util[cpmCPUTotal5minRev.19]","1651193271","5"
"system.cpu.util[cpmCPUTotal5minRev.19]","1651193331","5"
"system.cpu.util[cpmCPUTotal5minRev.19]","1651193391","5"
"system.cpu.util[cpmCPUTotal5minRev.19]","1651193451","5"
"system.cpu.util[cpmCPUTotal5minRev.19]","1651193511","5"
"system.cpu.util[cpmCPUTotal5minRev.19]","1651193584","5"
"system.cpu.util[cpmCPUTotal5minRev.19]","1651193631","5"
"system.cpu.util[cpmCPUTotal5minRev.19]","1651193691","5"
"system.cpu.util[cpmCPUTotal5minRev.19]","1651193764","5"
"system.cpu.util[cpmCPUTotal5minRev.19]","1651193811","5"
"system.cpu.util[cpmCPUTotal5minRev.19]","1651193871","5"
"system.cpu.util[cpmCPUTotal5minRev.19]","1651193931","5"
"system.cpu.util[cpmCPUTotal5minRev.19]","1651193991","5"
"system.cpu.util[cpmCPUTotal5minRev.19]","1651194051","5"
"system.cpu.util[cpmCPUTotal5minRev.19]","1651194111","5"
"system.cpu.util[cpmCPUTotal5minRev.19]","1651194171","5"
"system.cpu.util[cpmCPUTotal5minRev.19]","1651194243","5"
"system.cpu.util[cpmCPUTotal5minRev.19]","1651194291","5"
"system.cpu.util[cpmCPUTotal5minRev.19]","1651194351","5"
"system.cpu.util[cpmCPUTotal5minRev.19]","1651194411","5"
"system.cpu.util[cpmCPUTotal5minRev.19]","1651194484","5"
"system.cpu.util[cpmCPUTotal5minRev.19]","1651194531","5"
"system.cpu.util[cpmCPUTotal5minRev.19]","1651194591","5"
"system.cpu.util[cpmCPUTotal5minRev.19]","1651194651","5"
"system.cpu.util[cpmCPUTotal5minRev.19]","1651194711","5"
"system.cpu.util[cpmCPUTotal5minRev.19]","1651194784","5"
"system.cpu.util[cpmCPUTotal5minRev.19]","1651194831","5"
"system.cpu.util[cpmCPUTotal5minRev.19]","1651194891","5"
"system.cpu.util[cpmCPUTotal5minRev.19]","1651194951","5"
"system.cpu.util[cpmCPUTotal5minRev.19]","1651195011","5"
"system.cpu.util[cpmCPUTotal5minRev.19]","1651195071","5"
"system.cpu.util[cpmCPUTotal5minRev.19]","1651195145","5"
"system.cpu.util[cpmCPUTotal5minRev.19]","1651195191","5"
"system.cpu.util[cpmCPUTotal5minRev.19]","1651195276","5"
"system.cpu.util[cpmCPUTotal5minRev.19]","1651195311","5"
"system.cpu.util[cpmCPUTotal5minRev.19]","1651195371","5"
"system.cpu.util[cpmCPUTotal5minRev.19]","1651195431","5"
"system.cpu.util[cpmCPUTotal5minRev.19]","1651195491","5"
"system.cpu.util[cpmCPUTotal5minRev.19]","1651195551","5"
"system.cpu.util[cpmCPUTotal5minRev.19]","1651195611","5"
"system.cpu.util[cpmCPUTotal5minRev.19]","1651195671","5"
"system.cpu.util[cpmCPUTotal5secRev.19]","1651188531","6"
"system.cpu.util[cpmCPUTotal5secRev.19]","1651188591","5"
"system.cpu.util[cpmCPUTotal5secRev.19]","1651188651","4"
"system.cpu.util[cpmCPUTotal5secRev.19]","1651188725","4"
"system.cpu.util[cpmCPUTotal5secRev.19]","1651188771","4"
"system.cpu.util[cpmCPUTotal5secRev.19]","1651188831","6"
"system.cpu.util[cpmCPUTotal5secRev.19]","1651188891","5"
"system.cpu.util[cpmCPUTotal5secRev.19]","1651188951","4"
"system.cpu.util[cpmCPUTotal5secRev.19]","1651189011","5"
"system.cpu.util[cpmCPUTotal5secRev.19]","1651189071","4"
"system.cpu.util[cpmCPUTotal5secRev.19]","1651189160","5"
"system.cpu.util[cpmCPUTotal5secRev.19]","1651189191","4"
"system.cpu.util[cpmCPUTotal5secRev.19]","1651189251","4"
"system.cpu.util[cpmCPUTotal5secRev.19]","1651189311","5"
"system.cpu.util[cpmCPUTotal5secRev.19]","1651189371","5"
"system.cpu.util[cpmCPUTotal5secRev.19]","1651189431","4"
"system.cpu.util[cpmCPUTotal5secRev.19]","1651189504","4"
"system.cpu.util[cpmCPUTotal5secRev.19]","1651189551","4"
"system.cpu.util[cpmCPUTotal5secRev.19]","1651189620","5"
"system.cpu.util[cpmCPUTotal5secRev.19]","1651189683","4"
"system.cpu.util[cpmCPUTotal5secRev.19]","1651189731","4"
"system.cpu.util[cpmCPUTotal5secRev.19]","1651189791","4"
"system.cpu.util[cpmCPUTotal5secRev.19]","1651189851","4"
"system.cpu.util[cpmCPUTotal5secRev.19]","1651189924","5"
"system.cpu.util[cpmCPUTotal5secRev.19]","1651189971","5"
"system.cpu.util[cpmCPUTotal5secRev.19]","1651190031","4"
"system.cpu.util[cpmCPUTotal5secRev.19]","1651190103","5"
"system.cpu.util[cpmCPUTotal5secRev.19]","1651190151","4"
"system.cpu.util[cpmCPUTotal5secRev.19]","1651190211","4"
"system.cpu.util[cpmCPUTotal5secRev.19]","1651190271","5"
"system.cpu.util[cpmCPUTotal5secRev.19]","1651190331","4"
"system.cpu.util[cpmCPUTotal5secRev.19]","1651190391","4"
"system.cpu.util[cpmCPUTotal5secRev.19]","1651190451","4"
"system.cpu.util[cpmCPUTotal5secRev.19]","1651190524","4"
"system.cpu.util[cpmCPUTotal5secRev.19]","1651190571","5"
"system.cpu.util[cpmCPUTotal5secRev.19]","1651190631","4"
"system.cpu.util[cpmCPUTotal5secRev.19]","1651190691","4"
"system.cpu.util[cpmCPUTotal5secRev.19]","1651190751","4"
"system.cpu.util[cpmCPUTotal5secRev.19]","1651190811","4"
"system.cpu.util[cpmCPUTotal5secRev.19]","1651190871","5"
"system.cpu.util[cpmCPUTotal5secRev.19]","1651190931","4"
"system.cpu.util[cpmCPUTotal5secRev.19]","1651190991","4"
"system.cpu.util[cpmCPUTotal5secRev.19]","1651191063","4"
"system.cpu.util[cpmCPUTotal5secRev.19]","1651191111","4"
"system.cpu.util[cpmCPUTotal5secRev.19]","1651191171","4"
"system.cpu.util[cpmCPUTotal5secRev.19]","1651191231","5"
"system.cpu.util[cpmCPUTotal5secRev.19]","1651191291","4"
"system.cpu.util[cpmCPUTotal5secRev.19]","1651191351","4"
"system.cpu.util[cpmCPUTotal5secRev.19]","1651191424","5"
"system.cpu.util[cpmCPUTotal5secRev.19]","1651191471","4"
"system.cpu.util[cpmCPUTotal5secRev.19]","1651191544","4"
"system.cpu.util[cpmCPUTotal5secRev.19]","1651191591","4"
"system.cpu.util[cpmCPUTotal5secRev.19]","1651191651","4"
"system.cpu.util[cpmCPUTotal5secRev.19]","1651191711","4"
"system.cpu.util[cpmCPUTotal5secRev.19]","1651191784","4"
"system.cpu.util[cpmCPUTotal5secRev.19]","1651191831","5"
"system.cpu.util[cpmCPUTotal5secRev.19]","1651191891","4"
"system.cpu.util[cpmCPUTotal5secRev.19]","1651191964","4"
"system.cpu.util[cpmCPUTotal5secRev.19]","1651192011","4"
"system.cpu.util[cpmCPUTotal5secRev.19]","1651192071","4"
"system.cpu.util[cpmCPUTotal5secRev.19]","1651192160","4"
"system.cpu.util[cpmCPUTotal5secRev.19]","1651192191","4"
"system.cpu.util[cpmCPUTotal5secRev.19]","1651192251","4"
"system.cpu.util[cpmCPUTotal5secRev.19]","1651192324","6"
"system.cpu.util[cpmCPUTotal5secRev.19]","1651192371","4"
"system.cpu.util[cpmCPUTotal5secRev.19]","1651192431","5"
"system.cpu.util[cpmCPUTotal5secRev.19]","1651192491","4"
"system.cpu.util[cpmCPUTotal5secRev.19]","1651192551","4"
"system.cpu.util[cpmCPUTotal5secRev.19]","1651192611","4"
"system.cpu.util[cpmCPUTotal5secRev.19]","1651192671","4"
"system.cpu.util[cpmCPUTotal5secRev.19]","1651192731","4"
"system.cpu.util[cpmCPUTotal5secRev.19]","1651192791","5"
"system.cpu.util[cpmCPUTotal5secRev.19]","1651192863","4"
"system.cpu.util[cpmCPUTotal5secRev.19]","1651192911","4"
"system.cpu.util[cpmCPUTotal5secRev.19]","1651192971","4"
"system.cpu.util[cpmCPUTotal5secRev.19]","1651193031","4"
"system.cpu.util[cpmCPUTotal5secRev.19]","1651193091","5"
"system.cpu.util[cpmCPUTotal5secRev.19]","1651193151","4"
"system.cpu.util[cpmCPUTotal5secRev.19]","1651193211","4"
"system.cpu.util[cpmCPUTotal5secRev.19]","1651193271","4"
"system.cpu.util[cpmCPUTotal5secRev.19]","1651193331","4"
"system.cpu.util[cpmCPUTotal5secRev.19]","1651193391","5"
"system.cpu.util[cpmCPUTotal5secRev.19]","1651193451","4"
"system.cpu.util[cpmCPUTotal5secRev.19]","1651193511","4"
"system.cpu.util[cpmCPUTotal5secRev.19]","1651193584","5"
"system.cpu.util[cpmCPUTotal5secRev.19]","1651193631","4"
"system.cpu.util[cpmCPUTotal5secRev.19]","1651193691","5"
"system.cpu.util[cpmCPUTotal5secRev.19]","1651193764","4"
"system.cpu.util[cpmCPUTotal5secRev.19]","1651193811","4"
"system.cpu.util[cpmCPUTotal5secRev.19]","1651193871","4"
"system.cpu.util[cpmCPUTotal5secRev.19]","1651193931","4"
"system.cpu.util[cpmCPUTotal5secRev.19]","1651193991","5"
"system.cpu.util[cpmCPUTotal5secRev.19]","1651194051","4"
"system.cpu.util[cpmCPUTotal5secRev.19]","1651194111","4"
"system.cpu.util[cpmCPUTotal5secRev.19]","1651194171","4"
"system.cpu.util[cpmCPUTotal5secRev.19]","1651194243","6"
"system.cpu.util[cpmCPUTotal5secRev.19]","1651194291","5"
"system.cpu.util[cpmCPUTotal5secRev.19]","1651194351","4"
"system.cpu.util[cpmCPUTotal5secRev.19]","1651194411","4"
"system.cpu.util[cpmCPUTotal5secRev.19]","1651194484","4"
"system.cpu.util[cpmCPUTotal5secRev.19]","1651194531","4"
"system.cpu.util[cpmCPUTotal5secRev.19]","1651194591","4"
"system.cpu.util[cpmCPUTotal5secRev.19]","1651194651","5"
"system.cpu.util[cpmCPUTotal5secRev.19]","1651194711","4"
"system.cpu.util[cpmCPUTotal5secRev.19]","1651194784","4"
"system.cpu.util[cpmCPUTotal5secRev.19]","1651194831","4"
"system.cpu.util[cpmCPUTotal5secRev.19]","1651194891","4"
"system.cpu.util[cpmCPUTotal5secRev.19]","1651194951","5"
"system.cpu.util[cpmCPUTotal5secRev.19]","1651195011","4"
"system.cpu.util[cpmCPUTotal5secRev.19]","1651195071","4"
"system.cpu.util[cpmCPUTotal5secRev.19]","1651195145","7"
"system.cpu.util[cpmCPUTotal5secRev.19]","1651195191","4"
"system.cpu.util[cpmCPUTotal5secRev.19]","1651195276","4"
"system.cpu.util[cpmCPUTotal5secRev.19]","1651195311","4"
"system.cpu.util[cpmCPUTotal5secRev.19]","1651195371","4"
"system.cpu.util[cpmCPUTotal5secRev.19]","1651195431","4"
"system.cpu.util[cpmCPUTotal5secRev.19]","1651195491","4"
"system.cpu.util[cpmCPUTotal5secRev.19]","1651195551","5"
"system.cpu.util[cpmCPUTotal5secRev.19]","1651195611","4"
"system.cpu.util[cpmCPUTotal5secRev.19]","1651195671","4"
